run_id,subject_id,feature_id,modality,value,true_weight,true_contribution
20260126_212452,1,sleep_quality,clinical_relevant,-1,1.0,-1.0
20260126_212452,1,childhood_trauma_exposure,clinical_relevant,-1,1.0,-1.0
20260126_212452,1,color_blue,distractor_word,1,0.0,0.0
20260126_212452,1,chicken_soup,distractor_word,1,0.05,0.05
20260126_212452,1,computer,distractor_word,-1,-0.08,0.08
20260126_212452,1,floor,distractor_word,1,0.02,0.02
20260126_212452,1,window,distractor_word,1,0.0,0.0
20260126_212452,1,pencil,distractor_word,1,-0.12,-0.12
20260126_212452,1,bicycle,distractor_word,1,0.07,0.07
20260126_212452,1,cloud,distractor_word,1,-0.03,-0.03
20260126_212452,2,sleep_quality,clinical_relevant,-1,1.0,-1.0
20260126_212452,2,childhood_trauma_exposure,clinical_relevant,-1,1.0,-1.0
20260126_212452,2,color_blue,distractor_word,1,0.0,0.0
20260126_212452,2,chicken_soup,distractor_word,-1,0.05,-0.05
20260126_212452,2,computer,distractor_word,-1,-0.08,0.08
20260126_212452,2,floor,distractor_word,-1,0.02,-0.02
20260126_212452,2,window,distractor_word,-1,0.0,-0.0
20260126_212452,2,pencil,distractor_word,-1,-0.12,0.12
20260126_212452,2,bicycle,distractor_word,1,0.07,0.07
20260126_212452,2,cloud,distractor_word,1,-0.03,-0.03
20260126_212452,3,sleep_quality,clinical_relevant,1,1.0,1.0
20260126_212452,3,childhood_trauma_exposure,clinical_relevant,-1,1.0,-1.0
20260126_212452,3,color_blue,distractor_word,1,0.0,0.0
20260126_212452,3,chicken_soup,distractor_word,1,0.05,0.05
20260126_212452,3,computer,distractor_word,1,-0.08,-0.08
20260126_212452,3,floor,distractor_word,1,0.02,0.02
20260126_212452,3,window,distractor_word,1,0.0,0.0
20260126_212452,3,pencil,distractor_word,1,-0.12,-0.12
20260126_212452,3,bicycle,distractor_word,-1,0.07,-0.07
20260126_212452,3,cloud,distractor_word,-1,-0.03,0.03
20260126_212452,4,sleep_quality,clinical_relevant,1,1.0,1.0
20260126_212452,4,childhood_trauma_exposure,clinical_relevant,-1,1.0,-1.0
20260126_212452,4,color_blue,distractor_word,1,0.0,0.0
20260126_212452,4,chicken_soup,distractor_word,-1,0.05,-0.05
20260126_212452,4,computer,distractor_word,-1,-0.08,0.08
20260126_212452,4,floor,distractor_word,-1,0.02,-0.02
20260126_212452,4,window,distractor_word,-1,0.0,-0.0
20260126_212452,4,pencil,distractor_word,-1,-0.12,0.12
20260126_212452,4,bicycle,distractor_word,-1,0.07,-0.07
20260126_212452,4,cloud,distractor_word,1,-0.03,-0.03
20260126_212452,5,sleep_quality,clinical_relevant,1,1.0,1.0
20260126_212452,5,childhood_trauma_exposure,clinical_relevant,-1,1.0,-1.0
20260126_212452,5,color_blue,distractor_word,-1,0.0,-0.0
20260126_212452,5,chicken_soup,distractor_word,-1,0.05,-0.05
20260126_212452,5,computer,distractor_word,1,-0.08,-0.08
20260126_212452,5,floor,distractor_word,1,0.02,0.02
20260126_212452,5,window,distractor_word,-1,0.0,-0.0
20260126_212452,5,pencil,distractor_word,-1,-0.12,0.12
20260126_212452,5,bicycle,distractor_word,1,0.07,0.07
20260126_212452,5,cloud,distractor_word,1,-0.03,-0.03
20260126_212452,6,sleep_quality,clinical_relevant,1,1.0,1.0
20260126_212452,6,childhood_trauma_exposure,clinical_relevant,-1,1.0,-1.0
20260126_212452,6,color_blue,distractor_word,-1,0.0,-0.0
20260126_212452,6,chicken_soup,distractor_word,-1,0.05,-0.05
20260126_212452,6,computer,distractor_word,-1,-0.08,0.08
20260126_212452,6,floor,distractor_word,-1,0.02,-0.02
20260126_212452,6,window,distractor_word,1,0.0,0.0
20260126_212452,6,pencil,distractor_word,-1,-0.12,0.12
20260126_212452,6,bicycle,distractor_word,1,0.07,0.07
20260126_212452,6,cloud,distractor_word,-1,-0.03,0.03
20260126_212452,7,sleep_quality,clinical_relevant,1,1.0,1.0
20260126_212452,7,childhood_trauma_exposure,clinical_relevant,-1,1.0,-1.0
20260126_212452,7,color_blue,distractor_word,-1,0.0,-0.0
20260126_212452,7,chicken_soup,distractor_word,1,0.05,0.05
20260126_212452,7,computer,distractor_word,1,-0.08,-0.08
20260126_212452,7,floor,distractor_word,1,0.02,0.02
20260126_212452,7,window,distractor_word,1,0.0,0.0
20260126_212452,7,pencil,distractor_word,1,-0.12,-0.12
20260126_212452,7,bicycle,distractor_word,1,0.07,0.07
20260126_212452,7,cloud,distractor_word,1,-0.03,-0.03
20260126_212452,8,sleep_quality,clinical_relevant,-1,1.0,-1.0
20260126_212452,8,childhood_trauma_exposure,clinical_relevant,-1,1.0,-1.0
20260126_212452,8,color_blue,distractor_word,1,0.0,0.0
20260126_212452,8,chicken_soup,distractor_word,-1,0.05,-0.05
20260126_212452,8,computer,distractor_word,1,-0.08,-0.08
20260126_212452,8,floor,distractor_word,-1,0.02,-0.02
20260126_212452,8,window,distractor_word,-1,0.0,-0.0
20260126_212452,8,pencil,distractor_word,-1,-0.12,0.12
20260126_212452,8,bicycle,distractor_word,1,0.07,0.07
20260126_212452,8,cloud,distractor_word,1,-0.03,-0.03
20260126_212452,9,sleep_quality,clinical_relevant,1,1.0,1.0
20260126_212452,9,childhood_trauma_exposure,clinical_relevant,-1,1.0,-1.0
20260126_212452,9,color_blue,distractor_word,1,0.0,0.0
20260126_212452,9,chicken_soup,distractor_word,-1,0.05,-0.05
20260126_212452,9,computer,distractor_word,1,-0.08,-0.08
20260126_212452,9,floor,distractor_word,-1,0.02,-0.02
20260126_212452,9,window,distractor_word,-1,0.0,-0.0
20260126_212452,9,pencil,distractor_word,1,-0.12,-0.12
20260126_212452,9,bicycle,distractor_word,1,0.07,0.07
20260126_212452,9,cloud,distractor_word,1,-0.03,-0.03
20260126_212452,10,sleep_quality,clinical_relevant,1,1.0,1.0
20260126_212452,10,childhood_trauma_exposure,clinical_relevant,-1,1.0,-1.0
20260126_212452,10,color_blue,distractor_word,-1,0.0,-0.0
20260126_212452,10,chicken_soup,distractor_word,-1,0.05,-0.05
20260126_212452,10,computer,distractor_word,1,-0.08,-0.08
20260126_212452,10,floor,distractor_word,-1,0.02,-0.02
20260126_212452,10,window,distractor_word,1,0.0,0.0
20260126_212452,10,pencil,distractor_word,1,-0.12,-0.12
20260126_212452,10,bicycle,distractor_word,-1,0.07,-0.07
20260126_212452,10,cloud,distractor_word,-1,-0.03,0.03
20260126_212452,11,sleep_quality,clinical_relevant,-1,1.0,-1.0
20260126_212452,11,childhood_trauma_exposure,clinical_relevant,-1,1.0,-1.0
20260126_212452,11,color_blue,distractor_word,1,0.0,0.0
20260126_212452,11,chicken_soup,distractor_word,-1,0.05,-0.05
20260126_212452,11,computer,distractor_word,1,-0.08,-0.08
20260126_212452,11,floor,distractor_word,1,0.02,0.02
20260126_212452,11,window,distractor_word,1,0.0,0.0
20260126_212452,11,pencil,distractor_word,1,-0.12,-0.12
20260126_212452,11,bicycle,distractor_word,-1,0.07,-0.07
20260126_212452,11,cloud,distractor_word,-1,-0.03,0.03
20260126_212452,12,sleep_quality,clinical_relevant,1,1.0,1.0
20260126_212452,12,childhood_trauma_exposure,clinical_relevant,-1,1.0,-1.0
20260126_212452,12,color_blue,distractor_word,-1,0.0,-0.0
20260126_212452,12,chicken_soup,distractor_word,1,0.05,0.05
20260126_212452,12,computer,distractor_word,-1,-0.08,0.08
20260126_212452,12,floor,distractor_word,-1,0.02,-0.02
20260126_212452,12,window,distractor_word,1,0.0,0.0
20260126_212452,12,pencil,distractor_word,-1,-0.12,0.12
20260126_212452,12,bicycle,distractor_word,-1,0.07,-0.07
20260126_212452,12,cloud,distractor_word,-1,-0.03,0.03
20260126_212452,13,sleep_quality,clinical_relevant,-1,1.0,-1.0
20260126_212452,13,childhood_trauma_exposure,clinical_relevant,-1,1.0,-1.0
20260126_212452,13,color_blue,distractor_word,1,0.0,0.0
20260126_212452,13,chicken_soup,distractor_word,1,0.05,0.05
20260126_212452,13,computer,distractor_word,1,-0.08,-0.08
20260126_212452,13,floor,distractor_word,1,0.02,0.02
20260126_212452,13,window,distractor_word,-1,0.0,-0.0
20260126_212452,13,pencil,distractor_word,-1,-0.12,0.12
20260126_212452,13,bicycle,distractor_word,-1,0.07,-0.07
20260126_212452,13,cloud,distractor_word,-1,-0.03,0.03
20260126_212452,14,sleep_quality,clinical_relevant,1,1.0,1.0
20260126_212452,14,childhood_trauma_exposure,clinical_relevant,-1,1.0,-1.0
20260126_212452,14,color_blue,distractor_word,1,0.0,0.0
20260126_212452,14,chicken_soup,distractor_word,1,0.05,0.05
20260126_212452,14,computer,distractor_word,1,-0.08,-0.08
20260126_212452,14,floor,distractor_word,-1,0.02,-0.02
20260126_212452,14,window,distractor_word,-1,0.0,-0.0
20260126_212452,14,pencil,distractor_word,-1,-0.12,0.12
20260126_212452,14,bicycle,distractor_word,1,0.07,0.07
20260126_212452,14,cloud,distractor_word,1,-0.03,-0.03
20260126_212452,15,sleep_quality,clinical_relevant,-1,1.0,-1.0
20260126_212452,15,childhood_trauma_exposure,clinical_relevant,1,1.0,1.0
20260126_212452,15,color_blue,distractor_word,-1,0.0,-0.0
20260126_212452,15,chicken_soup,distractor_word,1,0.05,0.05
20260126_212452,15,computer,distractor_word,1,-0.08,-0.08
20260126_212452,15,floor,distractor_word,-1,0.02,-0.02
20260126_212452,15,window,distractor_word,1,0.0,0.0
20260126_212452,15,pencil,distractor_word,1,-0.12,-0.12
20260126_212452,15,bicycle,distractor_word,-1,0.07,-0.07
20260126_212452,15,cloud,distractor_word,1,-0.03,-0.03
20260126_212452,16,sleep_quality,clinical_relevant,1,1.0,1.0
20260126_212452,16,childhood_trauma_exposure,clinical_relevant,-1,1.0,-1.0
20260126_212452,16,color_blue,distractor_word,-1,0.0,-0.0
20260126_212452,16,chicken_soup,distractor_word,-1,0.05,-0.05
20260126_212452,16,computer,distractor_word,1,-0.08,-0.08
20260126_212452,16,floor,distractor_word,-1,0.02,-0.02
20260126_212452,16,window,distractor_word,1,0.0,0.0
20260126_212452,16,pencil,distractor_word,-1,-0.12,0.12
20260126_212452,16,bicycle,distractor_word,-1,0.07,-0.07
20260126_212452,16,cloud,distractor_word,-1,-0.03,0.03
20260126_212452,17,sleep_quality,clinical_relevant,-1,1.0,-1.0
20260126_212452,17,childhood_trauma_exposure,clinical_relevant,-1,1.0,-1.0
20260126_212452,17,color_blue,distractor_word,1,0.0,0.0
20260126_212452,17,chicken_soup,distractor_word,1,0.05,0.05
20260126_212452,17,computer,distractor_word,1,-0.08,-0.08
20260126_212452,17,floor,distractor_word,-1,0.02,-0.02
20260126_212452,17,window,distractor_word,-1,0.0,-0.0
20260126_212452,17,pencil,distractor_word,-1,-0.12,0.12
20260126_212452,17,bicycle,distractor_word,-1,0.07,-0.07
20260126_212452,17,cloud,distractor_word,-1,-0.03,0.03
20260126_212452,18,sleep_quality,clinical_relevant,1,1.0,1.0
20260126_212452,18,childhood_trauma_exposure,clinical_relevant,-1,1.0,-1.0
20260126_212452,18,color_blue,distractor_word,1,0.0,0.0
20260126_212452,18,chicken_soup,distractor_word,1,0.05,0.05
20260126_212452,18,computer,distractor_word,1,-0.08,-0.08
20260126_212452,18,floor,distractor_word,1,0.02,0.02
20260126_212452,18,window,distractor_word,1,0.0,0.0
20260126_212452,18,pencil,distractor_word,1,-0.12,-0.12
20260126_212452,18,bicycle,distractor_word,-1,0.07,-0.07
20260126_212452,18,cloud,distractor_word,-1,-0.03,0.03
20260126_212452,19,sleep_quality,clinical_relevant,-1,1.0,-1.0
20260126_212452,19,childhood_trauma_exposure,clinical_relevant,-1,1.0,-1.0
20260126_212452,19,color_blue,distractor_word,1,0.0,0.0
20260126_212452,19,chicken_soup,distractor_word,-1,0.05,-0.05
20260126_212452,19,computer,distractor_word,1,-0.08,-0.08
20260126_212452,19,floor,distractor_word,1,0.02,0.02
20260126_212452,19,window,distractor_word,-1,0.0,-0.0
20260126_212452,19,pencil,distractor_word,1,-0.12,-0.12
20260126_212452,19,bicycle,distractor_word,-1,0.07,-0.07
20260126_212452,19,cloud,distractor_word,1,-0.03,-0.03
20260126_212452,20,sleep_quality,clinical_relevant,-1,1.0,-1.0
20260126_212452,20,childhood_trauma_exposure,clinical_relevant,1,1.0,1.0
20260126_212452,20,color_blue,distractor_word,-1,0.0,-0.0
20260126_212452,20,chicken_soup,distractor_word,-1,0.05,-0.05
20260126_212452,20,computer,distractor_word,-1,-0.08,0.08
20260126_212452,20,floor,distractor_word,-1,0.02,-0.02
20260126_212452,20,window,distractor_word,1,0.0,0.0
20260126_212452,20,pencil,distractor_word,1,-0.12,-0.12
20260126_212452,20,bicycle,distractor_word,1,0.07,0.07
20260126_212452,20,cloud,distractor_word,1,-0.03,-0.03
20260126_212452,21,sleep_quality,clinical_relevant,-1,1.0,-1.0
20260126_212452,21,childhood_trauma_exposure,clinical_relevant,1,1.0,1.0
20260126_212452,21,color_blue,distractor_word,-1,0.0,-0.0
20260126_212452,21,chicken_soup,distractor_word,1,0.05,0.05
20260126_212452,21,computer,distractor_word,1,-0.08,-0.08
20260126_212452,21,floor,distractor_word,-1,0.02,-0.02
20260126_212452,21,window,distractor_word,1,0.0,0.0
20260126_212452,21,pencil,distractor_word,1,-0.12,-0.12
20260126_212452,21,bicycle,distractor_word,1,0.07,0.07
20260126_212452,21,cloud,distractor_word,1,-0.03,-0.03
20260126_212452,22,sleep_quality,clinical_relevant,1,1.0,1.0
20260126_212452,22,childhood_trauma_exposure,clinical_relevant,1,1.0,1.0
20260126_212452,22,color_blue,distractor_word,-1,0.0,-0.0
20260126_212452,22,chicken_soup,distractor_word,-1,0.05,-0.05
20260126_212452,22,computer,distractor_word,1,-0.08,-0.08
20260126_212452,22,floor,distractor_word,-1,0.02,-0.02
20260126_212452,22,window,distractor_word,1,0.0,0.0
20260126_212452,22,pencil,distractor_word,1,-0.12,-0.12
20260126_212452,22,bicycle,distractor_word,-1,0.07,-0.07
20260126_212452,22,cloud,distractor_word,1,-0.03,-0.03
20260126_212452,23,sleep_quality,clinical_relevant,-1,1.0,-1.0
20260126_212452,23,childhood_trauma_exposure,clinical_relevant,-1,1.0,-1.0
20260126_212452,23,color_blue,distractor_word,-1,0.0,-0.0
20260126_212452,23,chicken_soup,distractor_word,-1,0.05,-0.05
20260126_212452,23,computer,distractor_word,1,-0.08,-0.08
20260126_212452,23,floor,distractor_word,-1,0.02,-0.02
20260126_212452,23,window,distractor_word,1,0.0,0.0
20260126_212452,23,pencil,distractor_word,-1,-0.12,0.12
20260126_212452,23,bicycle,distractor_word,-1,0.07,-0.07
20260126_212452,23,cloud,distractor_word,1,-0.03,-0.03
20260126_212452,24,sleep_quality,clinical_relevant,1,1.0,1.0
20260126_212452,24,childhood_trauma_exposure,clinical_relevant,1,1.0,1.0
20260126_212452,24,color_blue,distractor_word,1,0.0,0.0
20260126_212452,24,chicken_soup,distractor_word,1,0.05,0.05
20260126_212452,24,computer,distractor_word,1,-0.08,-0.08
20260126_212452,24,floor,distractor_word,-1,0.02,-0.02
20260126_212452,24,window,distractor_word,1,0.0,0.0
20260126_212452,24,pencil,distractor_word,1,-0.12,-0.12
20260126_212452,24,bicycle,distractor_word,-1,0.07,-0.07
20260126_212452,24,cloud,distractor_word,-1,-0.03,0.03
20260126_212452,25,sleep_quality,clinical_relevant,1,1.0,1.0
20260126_212452,25,childhood_trauma_exposure,clinical_relevant,1,1.0,1.0
20260126_212452,25,color_blue,distractor_word,-1,0.0,-0.0
20260126_212452,25,chicken_soup,distractor_word,1,0.05,0.05
20260126_212452,25,computer,distractor_word,1,-0.08,-0.08
20260126_212452,25,floor,distractor_word,1,0.02,0.02
20260126_212452,25,window,distractor_word,-1,0.0,-0.0
20260126_212452,25,pencil,distractor_word,-1,-0.12,0.12
20260126_212452,25,bicycle,distractor_word,-1,0.07,-0.07
20260126_212452,25,cloud,distractor_word,1,-0.03,-0.03
20260126_212452,26,sleep_quality,clinical_relevant,-1,1.0,-1.0
20260126_212452,26,childhood_trauma_exposure,clinical_relevant,1,1.0,1.0
20260126_212452,26,color_blue,distractor_word,1,0.0,0.0
20260126_212452,26,chicken_soup,distractor_word,-1,0.05,-0.05
20260126_212452,26,computer,distractor_word,-1,-0.08,0.08
20260126_212452,26,floor,distractor_word,1,0.02,0.02
20260126_212452,26,window,distractor_word,1,0.0,0.0
20260126_212452,26,pencil,distractor_word,-1,-0.12,0.12
20260126_212452,26,bicycle,distractor_word,1,0.07,0.07
20260126_212452,26,cloud,distractor_word,1,-0.03,-0.03
20260126_212452,27,sleep_quality,clinical_relevant,-1,1.0,-1.0
20260126_212452,27,childhood_trauma_exposure,clinical_relevant,1,1.0,1.0
20260126_212452,27,color_blue,distractor_word,-1,0.0,-0.0
20260126_212452,27,chicken_soup,distractor_word,1,0.05,0.05
20260126_212452,27,computer,distractor_word,-1,-0.08,0.08
20260126_212452,27,floor,distractor_word,1,0.02,0.02
20260126_212452,27,window,distractor_word,1,0.0,0.0
20260126_212452,27,pencil,distractor_word,1,-0.12,-0.12
20260126_212452,27,bicycle,distractor_word,-1,0.07,-0.07
20260126_212452,27,cloud,distractor_word,1,-0.03,-0.03
20260126_212452,28,sleep_quality,clinical_relevant,1,1.0,1.0
20260126_212452,28,childhood_trauma_exposure,clinical_relevant,-1,1.0,-1.0
20260126_212452,28,color_blue,distractor_word,1,0.0,0.0
20260126_212452,28,chicken_soup,distractor_word,-1,0.05,-0.05
20260126_212452,28,computer,distractor_word,-1,-0.08,0.08
20260126_212452,28,floor,distractor_word,1,0.02,0.02
20260126_212452,28,window,distractor_word,1,0.0,0.0
20260126_212452,28,pencil,distractor_word,-1,-0.12,0.12
20260126_212452,28,bicycle,distractor_word,-1,0.07,-0.07
20260126_212452,28,cloud,distractor_word,-1,-0.03,0.03
20260126_212452,29,sleep_quality,clinical_relevant,-1,1.0,-1.0
20260126_212452,29,childhood_trauma_exposure,clinical_relevant,-1,1.0,-1.0
20260126_212452,29,color_blue,distractor_word,-1,0.0,-0.0
20260126_212452,29,chicken_soup,distractor_word,-1,0.05,-0.05
20260126_212452,29,computer,distractor_word,-1,-0.08,0.08
20260126_212452,29,floor,distractor_word,-1,0.02,-0.02
20260126_212452,29,window,distractor_word,1,0.0,0.0
20260126_212452,29,pencil,distractor_word,1,-0.12,-0.12
20260126_212452,29,bicycle,distractor_word,1,0.07,0.07
20260126_212452,29,cloud,distractor_word,1,-0.03,-0.03
20260126_212452,30,sleep_quality,clinical_relevant,1,1.0,1.0
20260126_212452,30,childhood_trauma_exposure,clinical_relevant,-1,1.0,-1.0
20260126_212452,30,color_blue,distractor_word,-1,0.0,-0.0
20260126_212452,30,chicken_soup,distractor_word,-1,0.05,-0.05
20260126_212452,30,computer,distractor_word,1,-0.08,-0.08
20260126_212452,30,floor,distractor_word,-1,0.02,-0.02
20260126_212452,30,window,distractor_word,1,0.0,0.0
20260126_212452,30,pencil,distractor_word,1,-0.12,-0.12
20260126_212452,30,bicycle,distractor_word,1,0.07,0.07
20260126_212452,30,cloud,distractor_word,1,-0.03,-0.03
20260126_212452,31,sleep_quality,clinical_relevant,-1,1.0,-1.0
20260126_212452,31,childhood_trauma_exposure,clinical_relevant,-1,1.0,-1.0
20260126_212452,31,color_blue,distractor_word,-1,0.0,-0.0
20260126_212452,31,chicken_soup,distractor_word,1,0.05,0.05
20260126_212452,31,computer,distractor_word,-1,-0.08,0.08
20260126_212452,31,floor,distractor_word,-1,0.02,-0.02
20260126_212452,31,window,distractor_word,-1,0.0,-0.0
20260126_212452,31,pencil,distractor_word,-1,-0.12,0.12
20260126_212452,31,bicycle,distractor_word,1,0.07,0.07
20260126_212452,31,cloud,distractor_word,-1,-0.03,0.03
20260126_212452,32,sleep_quality,clinical_relevant,-1,1.0,-1.0
20260126_212452,32,childhood_trauma_exposure,clinical_relevant,-1,1.0,-1.0
20260126_212452,32,color_blue,distractor_word,1,0.0,0.0
20260126_212452,32,chicken_soup,distractor_word,1,0.05,0.05
20260126_212452,32,computer,distractor_word,-1,-0.08,0.08
20260126_212452,32,floor,distractor_word,1,0.02,0.02
20260126_212452,32,window,distractor_word,1,0.0,0.0
20260126_212452,32,pencil,distractor_word,-1,-0.12,0.12
20260126_212452,32,bicycle,distractor_word,1,0.07,0.07
20260126_212452,32,cloud,distractor_word,-1,-0.03,0.03
20260126_212452,33,sleep_quality,clinical_relevant,-1,1.0,-1.0
20260126_212452,33,childhood_trauma_exposure,clinical_relevant,1,1.0,1.0
20260126_212452,33,color_blue,distractor_word,1,0.0,0.0
20260126_212452,33,chicken_soup,distractor_word,1,0.05,0.05
20260126_212452,33,computer,distractor_word,1,-0.08,-0.08
20260126_212452,33,floor,distractor_word,1,0.02,0.02
20260126_212452,33,window,distractor_word,-1,0.0,-0.0
20260126_212452,33,pencil,distractor_word,-1,-0.12,0.12
20260126_212452,33,bicycle,distractor_word,1,0.07,0.07
20260126_212452,33,cloud,distractor_word,1,-0.03,-0.03
20260126_212452,34,sleep_quality,clinical_relevant,-1,1.0,-1.0
20260126_212452,34,childhood_trauma_exposure,clinical_relevant,1,1.0,1.0
20260126_212452,34,color_blue,distractor_word,-1,0.0,-0.0
20260126_212452,34,chicken_soup,distractor_word,-1,0.05,-0.05
20260126_212452,34,computer,distractor_word,1,-0.08,-0.08
20260126_212452,34,floor,distractor_word,1,0.02,0.02
20260126_212452,34,window,distractor_word,1,0.0,0.0
20260126_212452,34,pencil,distractor_word,1,-0.12,-0.12
20260126_212452,34,bicycle,distractor_word,1,0.07,0.07
20260126_212452,34,cloud,distractor_word,1,-0.03,-0.03
20260126_212452,35,sleep_quality,clinical_relevant,-1,1.0,-1.0
20260126_212452,35,childhood_trauma_exposure,clinical_relevant,1,1.0,1.0
20260126_212452,35,color_blue,distractor_word,1,0.0,0.0
20260126_212452,35,chicken_soup,distractor_word,1,0.05,0.05
20260126_212452,35,computer,distractor_word,1,-0.08,-0.08
20260126_212452,35,floor,distractor_word,-1,0.02,-0.02
20260126_212452,35,window,distractor_word,-1,0.0,-0.0
20260126_212452,35,pencil,distractor_word,-1,-0.12,0.12
20260126_212452,35,bicycle,distractor_word,1,0.07,0.07
20260126_212452,35,cloud,distractor_word,-1,-0.03,0.03
20260126_212452,36,sleep_quality,clinical_relevant,1,1.0,1.0
20260126_212452,36,childhood_trauma_exposure,clinical_relevant,-1,1.0,-1.0
20260126_212452,36,color_blue,distractor_word,-1,0.0,-0.0
20260126_212452,36,chicken_soup,distractor_word,-1,0.05,-0.05
20260126_212452,36,computer,distractor_word,-1,-0.08,0.08
20260126_212452,36,floor,distractor_word,1,0.02,0.02
20260126_212452,36,window,distractor_word,1,0.0,0.0
20260126_212452,36,pencil,distractor_word,-1,-0.12,0.12
20260126_212452,36,bicycle,distractor_word,1,0.07,0.07
20260126_212452,36,cloud,distractor_word,1,-0.03,-0.03
20260126_212452,37,sleep_quality,clinical_relevant,1,1.0,1.0
20260126_212452,37,childhood_trauma_exposure,clinical_relevant,-1,1.0,-1.0
20260126_212452,37,color_blue,distractor_word,-1,0.0,-0.0
20260126_212452,37,chicken_soup,distractor_word,1,0.05,0.05
20260126_212452,37,computer,distractor_word,-1,-0.08,0.08
20260126_212452,37,floor,distractor_word,1,0.02,0.02
20260126_212452,37,window,distractor_word,-1,0.0,-0.0
20260126_212452,37,pencil,distractor_word,-1,-0.12,0.12
20260126_212452,37,bicycle,distractor_word,1,0.07,0.07
20260126_212452,37,cloud,distractor_word,1,-0.03,-0.03
20260126_212452,38,sleep_quality,clinical_relevant,1,1.0,1.0
20260126_212452,38,childhood_trauma_exposure,clinical_relevant,1,1.0,1.0
20260126_212452,38,color_blue,distractor_word,-1,0.0,-0.0
20260126_212452,38,chicken_soup,distractor_word,-1,0.05,-0.05
20260126_212452,38,computer,distractor_word,-1,-0.08,0.08
20260126_212452,38,floor,distractor_word,1,0.02,0.02
20260126_212452,38,window,distractor_word,-1,0.0,-0.0
20260126_212452,38,pencil,distractor_word,-1,-0.12,0.12
20260126_212452,38,bicycle,distractor_word,-1,0.07,-0.07
20260126_212452,38,cloud,distractor_word,-1,-0.03,0.03
20260126_212452,39,sleep_quality,clinical_relevant,-1,1.0,-1.0
20260126_212452,39,childhood_trauma_exposure,clinical_relevant,-1,1.0,-1.0
20260126_212452,39,color_blue,distractor_word,-1,0.0,-0.0
20260126_212452,39,chicken_soup,distractor_word,1,0.05,0.05
20260126_212452,39,computer,distractor_word,-1,-0.08,0.08
20260126_212452,39,floor,distractor_word,-1,0.02,-0.02
20260126_212452,39,window,distractor_word,1,0.0,0.0
20260126_212452,39,pencil,distractor_word,-1,-0.12,0.12
20260126_212452,39,bicycle,distractor_word,1,0.07,0.07
20260126_212452,39,cloud,distractor_word,-1,-0.03,0.03
20260126_212452,40,sleep_quality,clinical_relevant,-1,1.0,-1.0
20260126_212452,40,childhood_trauma_exposure,clinical_relevant,-1,1.0,-1.0
20260126_212452,40,color_blue,distractor_word,-1,0.0,-0.0
20260126_212452,40,chicken_soup,distractor_word,1,0.05,0.05
20260126_212452,40,computer,distractor_word,-1,-0.08,0.08
20260126_212452,40,floor,distractor_word,-1,0.02,-0.02
20260126_212452,40,window,distractor_word,-1,0.0,-0.0
20260126_212452,40,pencil,distractor_word,1,-0.12,-0.12
20260126_212452,40,bicycle,distractor_word,1,0.07,0.07
20260126_212452,40,cloud,distractor_word,-1,-0.03,0.03
20260126_212452,41,sleep_quality,clinical_relevant,-1,1.0,-1.0
20260126_212452,41,childhood_trauma_exposure,clinical_relevant,1,1.0,1.0
20260126_212452,41,color_blue,distractor_word,-1,0.0,-0.0
20260126_212452,41,chicken_soup,distractor_word,-1,0.05,-0.05
20260126_212452,41,computer,distractor_word,-1,-0.08,0.08
20260126_212452,41,floor,distractor_word,-1,0.02,-0.02
20260126_212452,41,window,distractor_word,-1,0.0,-0.0
20260126_212452,41,pencil,distractor_word,-1,-0.12,0.12
20260126_212452,41,bicycle,distractor_word,-1,0.07,-0.07
20260126_212452,41,cloud,distractor_word,1,-0.03,-0.03
20260126_212452,42,sleep_quality,clinical_relevant,1,1.0,1.0
20260126_212452,42,childhood_trauma_exposure,clinical_relevant,-1,1.0,-1.0
20260126_212452,42,color_blue,distractor_word,1,0.0,0.0
20260126_212452,42,chicken_soup,distractor_word,-1,0.05,-0.05
20260126_212452,42,computer,distractor_word,1,-0.08,-0.08
20260126_212452,42,floor,distractor_word,1,0.02,0.02
20260126_212452,42,window,distractor_word,-1,0.0,-0.0
20260126_212452,42,pencil,distractor_word,1,-0.12,-0.12
20260126_212452,42,bicycle,distractor_word,-1,0.07,-0.07
20260126_212452,42,cloud,distractor_word,1,-0.03,-0.03
20260126_212452,43,sleep_quality,clinical_relevant,-1,1.0,-1.0
20260126_212452,43,childhood_trauma_exposure,clinical_relevant,1,1.0,1.0
20260126_212452,43,color_blue,distractor_word,-1,0.0,-0.0
20260126_212452,43,chicken_soup,distractor_word,-1,0.05,-0.05
20260126_212452,43,computer,distractor_word,1,-0.08,-0.08
20260126_212452,43,floor,distractor_word,1,0.02,0.02
20260126_212452,43,window,distractor_word,-1,0.0,-0.0
20260126_212452,43,pencil,distractor_word,1,-0.12,-0.12
20260126_212452,43,bicycle,distractor_word,1,0.07,0.07
20260126_212452,43,cloud,distractor_word,-1,-0.03,0.03
20260126_212452,44,sleep_quality,clinical_relevant,-1,1.0,-1.0
20260126_212452,44,childhood_trauma_exposure,clinical_relevant,-1,1.0,-1.0
20260126_212452,44,color_blue,distractor_word,1,0.0,0.0
20260126_212452,44,chicken_soup,distractor_word,1,0.05,0.05
20260126_212452,44,computer,distractor_word,-1,-0.08,0.08
20260126_212452,44,floor,distractor_word,1,0.02,0.02
20260126_212452,44,window,distractor_word,-1,0.0,-0.0
20260126_212452,44,pencil,distractor_word,-1,-0.12,0.12
20260126_212452,44,bicycle,distractor_word,1,0.07,0.07
20260126_212452,44,cloud,distractor_word,-1,-0.03,0.03
20260126_212452,45,sleep_quality,clinical_relevant,1,1.0,1.0
20260126_212452,45,childhood_trauma_exposure,clinical_relevant,1,1.0,1.0
20260126_212452,45,color_blue,distractor_word,1,0.0,0.0
20260126_212452,45,chicken_soup,distractor_word,1,0.05,0.05
20260126_212452,45,computer,distractor_word,-1,-0.08,0.08
20260126_212452,45,floor,distractor_word,1,0.02,0.02
20260126_212452,45,window,distractor_word,-1,0.0,-0.0
20260126_212452,45,pencil,distractor_word,1,-0.12,-0.12
20260126_212452,45,bicycle,distractor_word,-1,0.07,-0.07
20260126_212452,45,cloud,distractor_word,1,-0.03,-0.03
20260126_212452,46,sleep_quality,clinical_relevant,1,1.0,1.0
20260126_212452,46,childhood_trauma_exposure,clinical_relevant,-1,1.0,-1.0
20260126_212452,46,color_blue,distractor_word,1,0.0,0.0
20260126_212452,46,chicken_soup,distractor_word,1,0.05,0.05
20260126_212452,46,computer,distractor_word,1,-0.08,-0.08
20260126_212452,46,floor,distractor_word,-1,0.02,-0.02
20260126_212452,46,window,distractor_word,-1,0.0,-0.0
20260126_212452,46,pencil,distractor_word,-1,-0.12,0.12
20260126_212452,46,bicycle,distractor_word,-1,0.07,-0.07
20260126_212452,46,cloud,distractor_word,-1,-0.03,0.03
20260126_212452,47,sleep_quality,clinical_relevant,1,1.0,1.0
20260126_212452,47,childhood_trauma_exposure,clinical_relevant,1,1.0,1.0
20260126_212452,47,color_blue,distractor_word,1,0.0,0.0
20260126_212452,47,chicken_soup,distractor_word,1,0.05,0.05
20260126_212452,47,computer,distractor_word,1,-0.08,-0.08
20260126_212452,47,floor,distractor_word,-1,0.02,-0.02
20260126_212452,47,window,distractor_word,1,0.0,0.0
20260126_212452,47,pencil,distractor_word,1,-0.12,-0.12
20260126_212452,47,bicycle,distractor_word,-1,0.07,-0.07
20260126_212452,47,cloud,distractor_word,-1,-0.03,0.03
20260126_212452,48,sleep_quality,clinical_relevant,-1,1.0,-1.0
20260126_212452,48,childhood_trauma_exposure,clinical_relevant,-1,1.0,-1.0
20260126_212452,48,color_blue,distractor_word,1,0.0,0.0
20260126_212452,48,chicken_soup,distractor_word,1,0.05,0.05
20260126_212452,48,computer,distractor_word,1,-0.08,-0.08
20260126_212452,48,floor,distractor_word,1,0.02,0.02
20260126_212452,48,window,distractor_word,-1,0.0,-0.0
20260126_212452,48,pencil,distractor_word,1,-0.12,-0.12
20260126_212452,48,bicycle,distractor_word,-1,0.07,-0.07
20260126_212452,48,cloud,distractor_word,-1,-0.03,0.03
20260126_212452,49,sleep_quality,clinical_relevant,-1,1.0,-1.0
20260126_212452,49,childhood_trauma_exposure,clinical_relevant,-1,1.0,-1.0
20260126_212452,49,color_blue,distractor_word,-1,0.0,-0.0
20260126_212452,49,chicken_soup,distractor_word,1,0.05,0.05
20260126_212452,49,computer,distractor_word,-1,-0.08,0.08
20260126_212452,49,floor,distractor_word,1,0.02,0.02
20260126_212452,49,window,distractor_word,1,0.0,0.0
20260126_212452,49,pencil,distractor_word,1,-0.12,-0.12
20260126_212452,49,bicycle,distractor_word,1,0.07,0.07
20260126_212452,49,cloud,distractor_word,-1,-0.03,0.03
20260126_212452,50,sleep_quality,clinical_relevant,-1,1.0,-1.0
20260126_212452,50,childhood_trauma_exposure,clinical_relevant,1,1.0,1.0
20260126_212452,50,color_blue,distractor_word,1,0.0,0.0
20260126_212452,50,chicken_soup,distractor_word,-1,0.05,-0.05
20260126_212452,50,computer,distractor_word,1,-0.08,-0.08
20260126_212452,50,floor,distractor_word,1,0.02,0.02
20260126_212452,50,window,distractor_word,-1,0.0,-0.0
20260126_212452,50,pencil,distractor_word,1,-0.12,-0.12
20260126_212452,50,bicycle,distractor_word,1,0.07,0.07
20260126_212452,50,cloud,distractor_word,-1,-0.03,0.03
20260126_212452,51,sleep_quality,clinical_relevant,1,1.0,1.0
20260126_212452,51,childhood_trauma_exposure,clinical_relevant,-1,1.0,-1.0
20260126_212452,51,color_blue,distractor_word,1,0.0,0.0
20260126_212452,51,chicken_soup,distractor_word,1,0.05,0.05
20260126_212452,51,computer,distractor_word,1,-0.08,-0.08
20260126_212452,51,floor,distractor_word,-1,0.02,-0.02
20260126_212452,51,window,distractor_word,1,0.0,0.0
20260126_212452,51,pencil,distractor_word,-1,-0.12,0.12
20260126_212452,51,bicycle,distractor_word,1,0.07,0.07
20260126_212452,51,cloud,distractor_word,-1,-0.03,0.03
20260126_212452,52,sleep_quality,clinical_relevant,1,1.0,1.0
20260126_212452,52,childhood_trauma_exposure,clinical_relevant,-1,1.0,-1.0
20260126_212452,52,color_blue,distractor_word,1,0.0,0.0
20260126_212452,52,chicken_soup,distractor_word,-1,0.05,-0.05
20260126_212452,52,computer,distractor_word,1,-0.08,-0.08
20260126_212452,52,floor,distractor_word,-1,0.02,-0.02
20260126_212452,52,window,distractor_word,1,0.0,0.0
20260126_212452,52,pencil,distractor_word,1,-0.12,-0.12
20260126_212452,52,bicycle,distractor_word,-1,0.07,-0.07
20260126_212452,52,cloud,distractor_word,1,-0.03,-0.03
20260126_212452,53,sleep_quality,clinical_relevant,1,1.0,1.0
20260126_212452,53,childhood_trauma_exposure,clinical_relevant,-1,1.0,-1.0
20260126_212452,53,color_blue,distractor_word,1,0.0,0.0
20260126_212452,53,chicken_soup,distractor_word,-1,0.05,-0.05
20260126_212452,53,computer,distractor_word,-1,-0.08,0.08
20260126_212452,53,floor,distractor_word,1,0.02,0.02
20260126_212452,53,window,distractor_word,-1,0.0,-0.0
20260126_212452,53,pencil,distractor_word,1,-0.12,-0.12
20260126_212452,53,bicycle,distractor_word,-1,0.07,-0.07
20260126_212452,53,cloud,distractor_word,1,-0.03,-0.03
20260126_212452,54,sleep_quality,clinical_relevant,-1,1.0,-1.0
20260126_212452,54,childhood_trauma_exposure,clinical_relevant,-1,1.0,-1.0
20260126_212452,54,color_blue,distractor_word,1,0.0,0.0
20260126_212452,54,chicken_soup,distractor_word,1,0.05,0.05
20260126_212452,54,computer,distractor_word,1,-0.08,-0.08
20260126_212452,54,floor,distractor_word,-1,0.02,-0.02
20260126_212452,54,window,distractor_word,1,0.0,0.0
20260126_212452,54,pencil,distractor_word,1,-0.12,-0.12
20260126_212452,54,bicycle,distractor_word,-1,0.07,-0.07
20260126_212452,54,cloud,distractor_word,1,-0.03,-0.03
20260126_212452,55,sleep_quality,clinical_relevant,-1,1.0,-1.0
20260126_212452,55,childhood_trauma_exposure,clinical_relevant,-1,1.0,-1.0
20260126_212452,55,color_blue,distractor_word,1,0.0,0.0
20260126_212452,55,chicken_soup,distractor_word,-1,0.05,-0.05
20260126_212452,55,computer,distractor_word,-1,-0.08,0.08
20260126_212452,55,floor,distractor_word,1,0.02,0.02
20260126_212452,55,window,distractor_word,1,0.0,0.0
20260126_212452,55,pencil,distractor_word,-1,-0.12,0.12
20260126_212452,55,bicycle,distractor_word,-1,0.07,-0.07
20260126_212452,55,cloud,distractor_word,1,-0.03,-0.03
20260126_212452,56,sleep_quality,clinical_relevant,-1,1.0,-1.0
20260126_212452,56,childhood_trauma_exposure,clinical_relevant,1,1.0,1.0
20260126_212452,56,color_blue,distractor_word,-1,0.0,-0.0
20260126_212452,56,chicken_soup,distractor_word,-1,0.05,-0.05
20260126_212452,56,computer,distractor_word,-1,-0.08,0.08
20260126_212452,56,floor,distractor_word,1,0.02,0.02
20260126_212452,56,window,distractor_word,1,0.0,0.0
20260126_212452,56,pencil,distractor_word,1,-0.12,-0.12
20260126_212452,56,bicycle,distractor_word,1,0.07,0.07
20260126_212452,56,cloud,distractor_word,1,-0.03,-0.03
20260126_212452,57,sleep_quality,clinical_relevant,-1,1.0,-1.0
20260126_212452,57,childhood_trauma_exposure,clinical_relevant,-1,1.0,-1.0
20260126_212452,57,color_blue,distractor_word,-1,0.0,-0.0
20260126_212452,57,chicken_soup,distractor_word,1,0.05,0.05
20260126_212452,57,computer,distractor_word,1,-0.08,-0.08
20260126_212452,57,floor,distractor_word,1,0.02,0.02
20260126_212452,57,window,distractor_word,1,0.0,0.0
20260126_212452,57,pencil,distractor_word,1,-0.12,-0.12
20260126_212452,57,bicycle,distractor_word,1,0.07,0.07
20260126_212452,57,cloud,distractor_word,-1,-0.03,0.03
20260126_212452,58,sleep_quality,clinical_relevant,-1,1.0,-1.0
20260126_212452,58,childhood_trauma_exposure,clinical_relevant,1,1.0,1.0
20260126_212452,58,color_blue,distractor_word,-1,0.0,-0.0
20260126_212452,58,chicken_soup,distractor_word,1,0.05,0.05
20260126_212452,58,computer,distractor_word,-1,-0.08,0.08
20260126_212452,58,floor,distractor_word,-1,0.02,-0.02
20260126_212452,58,window,distractor_word,-1,0.0,-0.0
20260126_212452,58,pencil,distractor_word,-1,-0.12,0.12
20260126_212452,58,bicycle,distractor_word,1,0.07,0.07
20260126_212452,58,cloud,distractor_word,1,-0.03,-0.03
20260126_212452,59,sleep_quality,clinical_relevant,1,1.0,1.0
20260126_212452,59,childhood_trauma_exposure,clinical_relevant,1,1.0,1.0
20260126_212452,59,color_blue,distractor_word,-1,0.0,-0.0
20260126_212452,59,chicken_soup,distractor_word,1,0.05,0.05
20260126_212452,59,computer,distractor_word,-1,-0.08,0.08
20260126_212452,59,floor,distractor_word,-1,0.02,-0.02
20260126_212452,59,window,distractor_word,1,0.0,0.0
20260126_212452,59,pencil,distractor_word,1,-0.12,-0.12
20260126_212452,59,bicycle,distractor_word,1,0.07,0.07
20260126_212452,59,cloud,distractor_word,-1,-0.03,0.03
20260126_212452,60,sleep_quality,clinical_relevant,1,1.0,1.0
20260126_212452,60,childhood_trauma_exposure,clinical_relevant,-1,1.0,-1.0
20260126_212452,60,color_blue,distractor_word,-1,0.0,-0.0
20260126_212452,60,chicken_soup,distractor_word,1,0.05,0.05
20260126_212452,60,computer,distractor_word,1,-0.08,-0.08
20260126_212452,60,floor,distractor_word,1,0.02,0.02
20260126_212452,60,window,distractor_word,-1,0.0,-0.0
20260126_212452,60,pencil,distractor_word,1,-0.12,-0.12
20260126_212452,60,bicycle,distractor_word,-1,0.07,-0.07
20260126_212452,60,cloud,distractor_word,-1,-0.03,0.03
20260126_212452,61,sleep_quality,clinical_relevant,1,1.0,1.0
20260126_212452,61,childhood_trauma_exposure,clinical_relevant,-1,1.0,-1.0
20260126_212452,61,color_blue,distractor_word,1,0.0,0.0
20260126_212452,61,chicken_soup,distractor_word,1,0.05,0.05
20260126_212452,61,computer,distractor_word,-1,-0.08,0.08
20260126_212452,61,floor,distractor_word,-1,0.02,-0.02
20260126_212452,61,window,distractor_word,1,0.0,0.0
20260126_212452,61,pencil,distractor_word,-1,-0.12,0.12
20260126_212452,61,bicycle,distractor_word,-1,0.07,-0.07
20260126_212452,61,cloud,distractor_word,-1,-0.03,0.03
20260126_212452,62,sleep_quality,clinical_relevant,1,1.0,1.0
20260126_212452,62,childhood_trauma_exposure,clinical_relevant,-1,1.0,-1.0
20260126_212452,62,color_blue,distractor_word,-1,0.0,-0.0
20260126_212452,62,chicken_soup,distractor_word,1,0.05,0.05
20260126_212452,62,computer,distractor_word,1,-0.08,-0.08
20260126_212452,62,floor,distractor_word,-1,0.02,-0.02
20260126_212452,62,window,distractor_word,-1,0.0,-0.0
20260126_212452,62,pencil,distractor_word,1,-0.12,-0.12
20260126_212452,62,bicycle,distractor_word,1,0.07,0.07
20260126_212452,62,cloud,distractor_word,1,-0.03,-0.03
20260126_212452,63,sleep_quality,clinical_relevant,1,1.0,1.0
20260126_212452,63,childhood_trauma_exposure,clinical_relevant,-1,1.0,-1.0
20260126_212452,63,color_blue,distractor_word,1,0.0,0.0
20260126_212452,63,chicken_soup,distractor_word,-1,0.05,-0.05
20260126_212452,63,computer,distractor_word,-1,-0.08,0.08
20260126_212452,63,floor,distractor_word,1,0.02,0.02
20260126_212452,63,window,distractor_word,1,0.0,0.0
20260126_212452,63,pencil,distractor_word,-1,-0.12,0.12
20260126_212452,63,bicycle,distractor_word,1,0.07,0.07
20260126_212452,63,cloud,distractor_word,-1,-0.03,0.03
20260126_212452,64,sleep_quality,clinical_relevant,1,1.0,1.0
20260126_212452,64,childhood_trauma_exposure,clinical_relevant,-1,1.0,-1.0
20260126_212452,64,color_blue,distractor_word,-1,0.0,-0.0
20260126_212452,64,chicken_soup,distractor_word,1,0.05,0.05
20260126_212452,64,computer,distractor_word,-1,-0.08,0.08
20260126_212452,64,floor,distractor_word,-1,0.02,-0.02
20260126_212452,64,window,distractor_word,1,0.0,0.0
20260126_212452,64,pencil,distractor_word,1,-0.12,-0.12
20260126_212452,64,bicycle,distractor_word,1,0.07,0.07
20260126_212452,64,cloud,distractor_word,1,-0.03,-0.03
20260126_212452,65,sleep_quality,clinical_relevant,1,1.0,1.0
20260126_212452,65,childhood_trauma_exposure,clinical_relevant,1,1.0,1.0
20260126_212452,65,color_blue,distractor_word,-1,0.0,-0.0
20260126_212452,65,chicken_soup,distractor_word,-1,0.05,-0.05
20260126_212452,65,computer,distractor_word,-1,-0.08,0.08
20260126_212452,65,floor,distractor_word,1,0.02,0.02
20260126_212452,65,window,distractor_word,-1,0.0,-0.0
20260126_212452,65,pencil,distractor_word,1,-0.12,-0.12
20260126_212452,65,bicycle,distractor_word,1,0.07,0.07
20260126_212452,65,cloud,distractor_word,-1,-0.03,0.03
20260126_212452,66,sleep_quality,clinical_relevant,-1,1.0,-1.0
20260126_212452,66,childhood_trauma_exposure,clinical_relevant,-1,1.0,-1.0
20260126_212452,66,color_blue,distractor_word,1,0.0,0.0
20260126_212452,66,chicken_soup,distractor_word,-1,0.05,-0.05
20260126_212452,66,computer,distractor_word,-1,-0.08,0.08
20260126_212452,66,floor,distractor_word,1,0.02,0.02
20260126_212452,66,window,distractor_word,1,0.0,0.0
20260126_212452,66,pencil,distractor_word,-1,-0.12,0.12
20260126_212452,66,bicycle,distractor_word,-1,0.07,-0.07
20260126_212452,66,cloud,distractor_word,1,-0.03,-0.03
20260126_212452,67,sleep_quality,clinical_relevant,-1,1.0,-1.0
20260126_212452,67,childhood_trauma_exposure,clinical_relevant,1,1.0,1.0
20260126_212452,67,color_blue,distractor_word,-1,0.0,-0.0
20260126_212452,67,chicken_soup,distractor_word,1,0.05,0.05
20260126_212452,67,computer,distractor_word,-1,-0.08,0.08
20260126_212452,67,floor,distractor_word,1,0.02,0.02
20260126_212452,67,window,distractor_word,-1,0.0,-0.0
20260126_212452,67,pencil,distractor_word,-1,-0.12,0.12
20260126_212452,67,bicycle,distractor_word,-1,0.07,-0.07
20260126_212452,67,cloud,distractor_word,-1,-0.03,0.03
20260126_212452,68,sleep_quality,clinical_relevant,1,1.0,1.0
20260126_212452,68,childhood_trauma_exposure,clinical_relevant,1,1.0,1.0
20260126_212452,68,color_blue,distractor_word,1,0.0,0.0
20260126_212452,68,chicken_soup,distractor_word,1,0.05,0.05
20260126_212452,68,computer,distractor_word,-1,-0.08,0.08
20260126_212452,68,floor,distractor_word,-1,0.02,-0.02
20260126_212452,68,window,distractor_word,-1,0.0,-0.0
20260126_212452,68,pencil,distractor_word,-1,-0.12,0.12
20260126_212452,68,bicycle,distractor_word,1,0.07,0.07
20260126_212452,68,cloud,distractor_word,1,-0.03,-0.03
20260126_212452,69,sleep_quality,clinical_relevant,-1,1.0,-1.0
20260126_212452,69,childhood_trauma_exposure,clinical_relevant,1,1.0,1.0
20260126_212452,69,color_blue,distractor_word,1,0.0,0.0
20260126_212452,69,chicken_soup,distractor_word,1,0.05,0.05
20260126_212452,69,computer,distractor_word,-1,-0.08,0.08
20260126_212452,69,floor,distractor_word,1,0.02,0.02
20260126_212452,69,window,distractor_word,-1,0.0,-0.0
20260126_212452,69,pencil,distractor_word,1,-0.12,-0.12
20260126_212452,69,bicycle,distractor_word,1,0.07,0.07
20260126_212452,69,cloud,distractor_word,-1,-0.03,0.03
20260126_212452,70,sleep_quality,clinical_relevant,-1,1.0,-1.0
20260126_212452,70,childhood_trauma_exposure,clinical_relevant,1,1.0,1.0
20260126_212452,70,color_blue,distractor_word,-1,0.0,-0.0
20260126_212452,70,chicken_soup,distractor_word,-1,0.05,-0.05
20260126_212452,70,computer,distractor_word,-1,-0.08,0.08
20260126_212452,70,floor,distractor_word,-1,0.02,-0.02
20260126_212452,70,window,distractor_word,1,0.0,0.0
20260126_212452,70,pencil,distractor_word,-1,-0.12,0.12
20260126_212452,70,bicycle,distractor_word,-1,0.07,-0.07
20260126_212452,70,cloud,distractor_word,1,-0.03,-0.03
20260126_212452,71,sleep_quality,clinical_relevant,1,1.0,1.0
20260126_212452,71,childhood_trauma_exposure,clinical_relevant,-1,1.0,-1.0
20260126_212452,71,color_blue,distractor_word,-1,0.0,-0.0
20260126_212452,71,chicken_soup,distractor_word,1,0.05,0.05
20260126_212452,71,computer,distractor_word,-1,-0.08,0.08
20260126_212452,71,floor,distractor_word,-1,0.02,-0.02
20260126_212452,71,window,distractor_word,1,0.0,0.0
20260126_212452,71,pencil,distractor_word,-1,-0.12,0.12
20260126_212452,71,bicycle,distractor_word,1,0.07,0.07
20260126_212452,71,cloud,distractor_word,-1,-0.03,0.03
20260126_212452,72,sleep_quality,clinical_relevant,1,1.0,1.0
20260126_212452,72,childhood_trauma_exposure,clinical_relevant,-1,1.0,-1.0
20260126_212452,72,color_blue,distractor_word,-1,0.0,-0.0
20260126_212452,72,chicken_soup,distractor_word,-1,0.05,-0.05
20260126_212452,72,computer,distractor_word,-1,-0.08,0.08
20260126_212452,72,floor,distractor_word,1,0.02,0.02
20260126_212452,72,window,distractor_word,-1,0.0,-0.0
20260126_212452,72,pencil,distractor_word,-1,-0.12,0.12
20260126_212452,72,bicycle,distractor_word,1,0.07,0.07
20260126_212452,72,cloud,distractor_word,-1,-0.03,0.03
20260126_212452,73,sleep_quality,clinical_relevant,-1,1.0,-1.0
20260126_212452,73,childhood_trauma_exposure,clinical_relevant,1,1.0,1.0
20260126_212452,73,color_blue,distractor_word,1,0.0,0.0
20260126_212452,73,chicken_soup,distractor_word,-1,0.05,-0.05
20260126_212452,73,computer,distractor_word,-1,-0.08,0.08
20260126_212452,73,floor,distractor_word,-1,0.02,-0.02
20260126_212452,73,window,distractor_word,1,0.0,0.0
20260126_212452,73,pencil,distractor_word,1,-0.12,-0.12
20260126_212452,73,bicycle,distractor_word,1,0.07,0.07
20260126_212452,73,cloud,distractor_word,1,-0.03,-0.03
20260126_212452,74,sleep_quality,clinical_relevant,1,1.0,1.0
20260126_212452,74,childhood_trauma_exposure,clinical_relevant,1,1.0,1.0
20260126_212452,74,color_blue,distractor_word,1,0.0,0.0
20260126_212452,74,chicken_soup,distractor_word,1,0.05,0.05
20260126_212452,74,computer,distractor_word,-1,-0.08,0.08
20260126_212452,74,floor,distractor_word,1,0.02,0.02
20260126_212452,74,window,distractor_word,-1,0.0,-0.0
20260126_212452,74,pencil,distractor_word,1,-0.12,-0.12
20260126_212452,74,bicycle,distractor_word,-1,0.07,-0.07
20260126_212452,74,cloud,distractor_word,1,-0.03,-0.03
20260126_212452,75,sleep_quality,clinical_relevant,-1,1.0,-1.0
20260126_212452,75,childhood_trauma_exposure,clinical_relevant,-1,1.0,-1.0
20260126_212452,75,color_blue,distractor_word,1,0.0,0.0
20260126_212452,75,chicken_soup,distractor_word,1,0.05,0.05
20260126_212452,75,computer,distractor_word,1,-0.08,-0.08
20260126_212452,75,floor,distractor_word,1,0.02,0.02
20260126_212452,75,window,distractor_word,-1,0.0,-0.0
20260126_212452,75,pencil,distractor_word,1,-0.12,-0.12
20260126_212452,75,bicycle,distractor_word,-1,0.07,-0.07
20260126_212452,75,cloud,distractor_word,-1,-0.03,0.03
20260126_212452,76,sleep_quality,clinical_relevant,-1,1.0,-1.0
20260126_212452,76,childhood_trauma_exposure,clinical_relevant,1,1.0,1.0
20260126_212452,76,color_blue,distractor_word,-1,0.0,-0.0
20260126_212452,76,chicken_soup,distractor_word,1,0.05,0.05
20260126_212452,76,computer,distractor_word,-1,-0.08,0.08
20260126_212452,76,floor,distractor_word,-1,0.02,-0.02
20260126_212452,76,window,distractor_word,-1,0.0,-0.0
20260126_212452,76,pencil,distractor_word,-1,-0.12,0.12
20260126_212452,76,bicycle,distractor_word,1,0.07,0.07
20260126_212452,76,cloud,distractor_word,-1,-0.03,0.03
20260126_212452,77,sleep_quality,clinical_relevant,-1,1.0,-1.0
20260126_212452,77,childhood_trauma_exposure,clinical_relevant,1,1.0,1.0
20260126_212452,77,color_blue,distractor_word,-1,0.0,-0.0
20260126_212452,77,chicken_soup,distractor_word,-1,0.05,-0.05
20260126_212452,77,computer,distractor_word,-1,-0.08,0.08
20260126_212452,77,floor,distractor_word,1,0.02,0.02
20260126_212452,77,window,distractor_word,1,0.0,0.0
20260126_212452,77,pencil,distractor_word,-1,-0.12,0.12
20260126_212452,77,bicycle,distractor_word,1,0.07,0.07
20260126_212452,77,cloud,distractor_word,-1,-0.03,0.03
20260126_212452,78,sleep_quality,clinical_relevant,1,1.0,1.0
20260126_212452,78,childhood_trauma_exposure,clinical_relevant,-1,1.0,-1.0
20260126_212452,78,color_blue,distractor_word,1,0.0,0.0
20260126_212452,78,chicken_soup,distractor_word,1,0.05,0.05
20260126_212452,78,computer,distractor_word,-1,-0.08,0.08
20260126_212452,78,floor,distractor_word,1,0.02,0.02
20260126_212452,78,window,distractor_word,1,0.0,0.0
20260126_212452,78,pencil,distractor_word,-1,-0.12,0.12
20260126_212452,78,bicycle,distractor_word,1,0.07,0.07
20260126_212452,78,cloud,distractor_word,-1,-0.03,0.03
20260126_212452,79,sleep_quality,clinical_relevant,-1,1.0,-1.0
20260126_212452,79,childhood_trauma_exposure,clinical_relevant,1,1.0,1.0
20260126_212452,79,color_blue,distractor_word,-1,0.0,-0.0
20260126_212452,79,chicken_soup,distractor_word,-1,0.05,-0.05
20260126_212452,79,computer,distractor_word,-1,-0.08,0.08
20260126_212452,79,floor,distractor_word,1,0.02,0.02
20260126_212452,79,window,distractor_word,-1,0.0,-0.0
20260126_212452,79,pencil,distractor_word,-1,-0.12,0.12
20260126_212452,79,bicycle,distractor_word,1,0.07,0.07
20260126_212452,79,cloud,distractor_word,-1,-0.03,0.03
20260126_212452,80,sleep_quality,clinical_relevant,1,1.0,1.0
20260126_212452,80,childhood_trauma_exposure,clinical_relevant,-1,1.0,-1.0
20260126_212452,80,color_blue,distractor_word,-1,0.0,-0.0
20260126_212452,80,chicken_soup,distractor_word,-1,0.05,-0.05
20260126_212452,80,computer,distractor_word,-1,-0.08,0.08
20260126_212452,80,floor,distractor_word,-1,0.02,-0.02
20260126_212452,80,window,distractor_word,-1,0.0,-0.0
20260126_212452,80,pencil,distractor_word,-1,-0.12,0.12
20260126_212452,80,bicycle,distractor_word,-1,0.07,-0.07
20260126_212452,80,cloud,distractor_word,1,-0.03,-0.03
20260126_212452,81,sleep_quality,clinical_relevant,-1,1.0,-1.0
20260126_212452,81,childhood_trauma_exposure,clinical_relevant,1,1.0,1.0
20260126_212452,81,color_blue,distractor_word,-1,0.0,-0.0
20260126_212452,81,chicken_soup,distractor_word,-1,0.05,-0.05
20260126_212452,81,computer,distractor_word,-1,-0.08,0.08
20260126_212452,81,floor,distractor_word,1,0.02,0.02
20260126_212452,81,window,distractor_word,1,0.0,0.0
20260126_212452,81,pencil,distractor_word,-1,-0.12,0.12
20260126_212452,81,bicycle,distractor_word,1,0.07,0.07
20260126_212452,81,cloud,distractor_word,1,-0.03,-0.03
20260126_212452,82,sleep_quality,clinical_relevant,-1,1.0,-1.0
20260126_212452,82,childhood_trauma_exposure,clinical_relevant,1,1.0,1.0
20260126_212452,82,color_blue,distractor_word,-1,0.0,-0.0
20260126_212452,82,chicken_soup,distractor_word,-1,0.05,-0.05
20260126_212452,82,computer,distractor_word,-1,-0.08,0.08
20260126_212452,82,floor,distractor_word,1,0.02,0.02
20260126_212452,82,window,distractor_word,1,0.0,0.0
20260126_212452,82,pencil,distractor_word,1,-0.12,-0.12
20260126_212452,82,bicycle,distractor_word,1,0.07,0.07
20260126_212452,82,cloud,distractor_word,-1,-0.03,0.03
20260126_212452,83,sleep_quality,clinical_relevant,-1,1.0,-1.0
20260126_212452,83,childhood_trauma_exposure,clinical_relevant,1,1.0,1.0
20260126_212452,83,color_blue,distractor_word,-1,0.0,-0.0
20260126_212452,83,chicken_soup,distractor_word,1,0.05,0.05
20260126_212452,83,computer,distractor_word,-1,-0.08,0.08
20260126_212452,83,floor,distractor_word,-1,0.02,-0.02
20260126_212452,83,window,distractor_word,-1,0.0,-0.0
20260126_212452,83,pencil,distractor_word,1,-0.12,-0.12
20260126_212452,83,bicycle,distractor_word,-1,0.07,-0.07
20260126_212452,83,cloud,distractor_word,-1,-0.03,0.03
20260126_212452,84,sleep_quality,clinical_relevant,-1,1.0,-1.0
20260126_212452,84,childhood_trauma_exposure,clinical_relevant,1,1.0,1.0
20260126_212452,84,color_blue,distractor_word,1,0.0,0.0
20260126_212452,84,chicken_soup,distractor_word,1,0.05,0.05
20260126_212452,84,computer,distractor_word,-1,-0.08,0.08
20260126_212452,84,floor,distractor_word,1,0.02,0.02
20260126_212452,84,window,distractor_word,-1,0.0,-0.0
20260126_212452,84,pencil,distractor_word,-1,-0.12,0.12
20260126_212452,84,bicycle,distractor_word,1,0.07,0.07
20260126_212452,84,cloud,distractor_word,-1,-0.03,0.03
20260126_212452,85,sleep_quality,clinical_relevant,-1,1.0,-1.0
20260126_212452,85,childhood_trauma_exposure,clinical_relevant,-1,1.0,-1.0
20260126_212452,85,color_blue,distractor_word,-1,0.0,-0.0
20260126_212452,85,chicken_soup,distractor_word,1,0.05,0.05
20260126_212452,85,computer,distractor_word,1,-0.08,-0.08
20260126_212452,85,floor,distractor_word,1,0.02,0.02
20260126_212452,85,window,distractor_word,1,0.0,0.0
20260126_212452,85,pencil,distractor_word,1,-0.12,-0.12
20260126_212452,85,bicycle,distractor_word,1,0.07,0.07
20260126_212452,85,cloud,distractor_word,-1,-0.03,0.03
20260126_212452,86,sleep_quality,clinical_relevant,1,1.0,1.0
20260126_212452,86,childhood_trauma_exposure,clinical_relevant,-1,1.0,-1.0
20260126_212452,86,color_blue,distractor_word,1,0.0,0.0
20260126_212452,86,chicken_soup,distractor_word,1,0.05,0.05
20260126_212452,86,computer,distractor_word,1,-0.08,-0.08
20260126_212452,86,floor,distractor_word,-1,0.02,-0.02
20260126_212452,86,window,distractor_word,1,0.0,0.0
20260126_212452,86,pencil,distractor_word,1,-0.12,-0.12
20260126_212452,86,bicycle,distractor_word,-1,0.07,-0.07
20260126_212452,86,cloud,distractor_word,1,-0.03,-0.03
20260126_212452,87,sleep_quality,clinical_relevant,1,1.0,1.0
20260126_212452,87,childhood_trauma_exposure,clinical_relevant,-1,1.0,-1.0
20260126_212452,87,color_blue,distractor_word,1,0.0,0.0
20260126_212452,87,chicken_soup,distractor_word,1,0.05,0.05
20260126_212452,87,computer,distractor_word,-1,-0.08,0.08
20260126_212452,87,floor,distractor_word,-1,0.02,-0.02
20260126_212452,87,window,distractor_word,-1,0.0,-0.0
20260126_212452,87,pencil,distractor_word,1,-0.12,-0.12
20260126_212452,87,bicycle,distractor_word,1,0.07,0.07
20260126_212452,87,cloud,distractor_word,1,-0.03,-0.03
20260126_212452,88,sleep_quality,clinical_relevant,1,1.0,1.0
20260126_212452,88,childhood_trauma_exposure,clinical_relevant,1,1.0,1.0
20260126_212452,88,color_blue,distractor_word,1,0.0,0.0
20260126_212452,88,chicken_soup,distractor_word,1,0.05,0.05
20260126_212452,88,computer,distractor_word,1,-0.08,-0.08
20260126_212452,88,floor,distractor_word,1,0.02,0.02
20260126_212452,88,window,distractor_word,1,0.0,0.0
20260126_212452,88,pencil,distractor_word,-1,-0.12,0.12
20260126_212452,88,bicycle,distractor_word,1,0.07,0.07
20260126_212452,88,cloud,distractor_word,1,-0.03,-0.03
20260126_212452,89,sleep_quality,clinical_relevant,-1,1.0,-1.0
20260126_212452,89,childhood_trauma_exposure,clinical_relevant,1,1.0,1.0
20260126_212452,89,color_blue,distractor_word,1,0.0,0.0
20260126_212452,89,chicken_soup,distractor_word,1,0.05,0.05
20260126_212452,89,computer,distractor_word,-1,-0.08,0.08
20260126_212452,89,floor,distractor_word,1,0.02,0.02
20260126_212452,89,window,distractor_word,-1,0.0,-0.0
20260126_212452,89,pencil,distractor_word,1,-0.12,-0.12
20260126_212452,89,bicycle,distractor_word,-1,0.07,-0.07
20260126_212452,89,cloud,distractor_word,1,-0.03,-0.03
20260126_212452,90,sleep_quality,clinical_relevant,-1,1.0,-1.0
20260126_212452,90,childhood_trauma_exposure,clinical_relevant,-1,1.0,-1.0
20260126_212452,90,color_blue,distractor_word,1,0.0,0.0
20260126_212452,90,chicken_soup,distractor_word,-1,0.05,-0.05
20260126_212452,90,computer,distractor_word,1,-0.08,-0.08
20260126_212452,90,floor,distractor_word,-1,0.02,-0.02
20260126_212452,90,window,distractor_word,1,0.0,0.0
20260126_212452,90,pencil,distractor_word,1,-0.12,-0.12
20260126_212452,90,bicycle,distractor_word,1,0.07,0.07
20260126_212452,90,cloud,distractor_word,1,-0.03,-0.03
20260126_212452,91,sleep_quality,clinical_relevant,1,1.0,1.0
20260126_212452,91,childhood_trauma_exposure,clinical_relevant,1,1.0,1.0
20260126_212452,91,color_blue,distractor_word,1,0.0,0.0
20260126_212452,91,chicken_soup,distractor_word,1,0.05,0.05
20260126_212452,91,computer,distractor_word,1,-0.08,-0.08
20260126_212452,91,floor,distractor_word,-1,0.02,-0.02
20260126_212452,91,window,distractor_word,-1,0.0,-0.0
20260126_212452,91,pencil,distractor_word,-1,-0.12,0.12
20260126_212452,91,bicycle,distractor_word,1,0.07,0.07
20260126_212452,91,cloud,distractor_word,1,-0.03,-0.03
20260126_212452,92,sleep_quality,clinical_relevant,-1,1.0,-1.0
20260126_212452,92,childhood_trauma_exposure,clinical_relevant,-1,1.0,-1.0
20260126_212452,92,color_blue,distractor_word,1,0.0,0.0
20260126_212452,92,chicken_soup,distractor_word,-1,0.05,-0.05
20260126_212452,92,computer,distractor_word,1,-0.08,-0.08
20260126_212452,92,floor,distractor_word,1,0.02,0.02
20260126_212452,92,window,distractor_word,1,0.0,0.0
20260126_212452,92,pencil,distractor_word,-1,-0.12,0.12
20260126_212452,92,bicycle,distractor_word,-1,0.07,-0.07
20260126_212452,92,cloud,distractor_word,1,-0.03,-0.03
20260126_212452,93,sleep_quality,clinical_relevant,1,1.0,1.0
20260126_212452,93,childhood_trauma_exposure,clinical_relevant,-1,1.0,-1.0
20260126_212452,93,color_blue,distractor_word,-1,0.0,-0.0
20260126_212452,93,chicken_soup,distractor_word,1,0.05,0.05
20260126_212452,93,computer,distractor_word,1,-0.08,-0.08
20260126_212452,93,floor,distractor_word,-1,0.02,-0.02
20260126_212452,93,window,distractor_word,1,0.0,0.0
20260126_212452,93,pencil,distractor_word,-1,-0.12,0.12
20260126_212452,93,bicycle,distractor_word,1,0.07,0.07
20260126_212452,93,cloud,distractor_word,1,-0.03,-0.03
20260126_212452,94,sleep_quality,clinical_relevant,1,1.0,1.0
20260126_212452,94,childhood_trauma_exposure,clinical_relevant,-1,1.0,-1.0
20260126_212452,94,color_blue,distractor_word,1,0.0,0.0
20260126_212452,94,chicken_soup,distractor_word,1,0.05,0.05
20260126_212452,94,computer,distractor_word,1,-0.08,-0.08
20260126_212452,94,floor,distractor_word,1,0.02,0.02
20260126_212452,94,window,distractor_word,-1,0.0,-0.0
20260126_212452,94,pencil,distractor_word,-1,-0.12,0.12
20260126_212452,94,bicycle,distractor_word,-1,0.07,-0.07
20260126_212452,94,cloud,distractor_word,-1,-0.03,0.03
20260126_212452,95,sleep_quality,clinical_relevant,-1,1.0,-1.0
20260126_212452,95,childhood_trauma_exposure,clinical_relevant,1,1.0,1.0
20260126_212452,95,color_blue,distractor_word,1,0.0,0.0
20260126_212452,95,chicken_soup,distractor_word,1,0.05,0.05
20260126_212452,95,computer,distractor_word,1,-0.08,-0.08
20260126_212452,95,floor,distractor_word,-1,0.02,-0.02
20260126_212452,95,window,distractor_word,1,0.0,0.0
20260126_212452,95,pencil,distractor_word,1,-0.12,-0.12
20260126_212452,95,bicycle,distractor_word,1,0.07,0.07
20260126_212452,95,cloud,distractor_word,-1,-0.03,0.03
20260126_212452,96,sleep_quality,clinical_relevant,1,1.0,1.0
20260126_212452,96,childhood_trauma_exposure,clinical_relevant,1,1.0,1.0
20260126_212452,96,color_blue,distractor_word,-1,0.0,-0.0
20260126_212452,96,chicken_soup,distractor_word,1,0.05,0.05
20260126_212452,96,computer,distractor_word,-1,-0.08,0.08
20260126_212452,96,floor,distractor_word,-1,0.02,-0.02
20260126_212452,96,window,distractor_word,1,0.0,0.0
20260126_212452,96,pencil,distractor_word,-1,-0.12,0.12
20260126_212452,96,bicycle,distractor_word,1,0.07,0.07
20260126_212452,96,cloud,distractor_word,-1,-0.03,0.03
20260126_212452,97,sleep_quality,clinical_relevant,1,1.0,1.0
20260126_212452,97,childhood_trauma_exposure,clinical_relevant,-1,1.0,-1.0
20260126_212452,97,color_blue,distractor_word,1,0.0,0.0
20260126_212452,97,chicken_soup,distractor_word,-1,0.05,-0.05
20260126_212452,97,computer,distractor_word,-1,-0.08,0.08
20260126_212452,97,floor,distractor_word,1,0.02,0.02
20260126_212452,97,window,distractor_word,-1,0.0,-0.0
20260126_212452,97,pencil,distractor_word,1,-0.12,-0.12
20260126_212452,97,bicycle,distractor_word,1,0.07,0.07
20260126_212452,97,cloud,distractor_word,-1,-0.03,0.03
20260126_212452,98,sleep_quality,clinical_relevant,1,1.0,1.0
20260126_212452,98,childhood_trauma_exposure,clinical_relevant,-1,1.0,-1.0
20260126_212452,98,color_blue,distractor_word,1,0.0,0.0
20260126_212452,98,chicken_soup,distractor_word,1,0.05,0.05
20260126_212452,98,computer,distractor_word,-1,-0.08,0.08
20260126_212452,98,floor,distractor_word,1,0.02,0.02
20260126_212452,98,window,distractor_word,1,0.0,0.0
20260126_212452,98,pencil,distractor_word,-1,-0.12,0.12
20260126_212452,98,bicycle,distractor_word,-1,0.07,-0.07
20260126_212452,98,cloud,distractor_word,1,-0.03,-0.03
20260126_212452,99,sleep_quality,clinical_relevant,1,1.0,1.0
20260126_212452,99,childhood_trauma_exposure,clinical_relevant,1,1.0,1.0
20260126_212452,99,color_blue,distractor_word,1,0.0,0.0
20260126_212452,99,chicken_soup,distractor_word,1,0.05,0.05
20260126_212452,99,computer,distractor_word,1,-0.08,-0.08
20260126_212452,99,floor,distractor_word,1,0.02,0.02
20260126_212452,99,window,distractor_word,1,0.0,0.0
20260126_212452,99,pencil,distractor_word,-1,-0.12,0.12
20260126_212452,99,bicycle,distractor_word,1,0.07,0.07
20260126_212452,99,cloud,distractor_word,1,-0.03,-0.03
20260126_212452,100,sleep_quality,clinical_relevant,-1,1.0,-1.0
20260126_212452,100,childhood_trauma_exposure,clinical_relevant,-1,1.0,-1.0
20260126_212452,100,color_blue,distractor_word,1,0.0,0.0
20260126_212452,100,chicken_soup,distractor_word,1,0.05,0.05
20260126_212452,100,computer,distractor_word,1,-0.08,-0.08
20260126_212452,100,floor,distractor_word,-1,0.02,-0.02
20260126_212452,100,window,distractor_word,1,0.0,0.0
20260126_212452,100,pencil,distractor_word,-1,-0.12,0.12
20260126_212452,100,bicycle,distractor_word,1,0.07,0.07
20260126_212452,100,cloud,distractor_word,1,-0.03,-0.03
